"Topic: Housing Sales",,,,
"Geographic Extent: City of Boston",,,,
"Year(s): 1990, 1991, 1992, 1993, 1994, 1995, 1996, 1997, 1998, 1999, 2000, 2001, 2002, 2003, 2004, 2005, 2006, 2007, 2008, 2009, 2010, 2011, 2012, 2013, 2014, 2015, 2016, 2017, 2018, 2019, 2020, 2021, 2022, 2023, 2024, 2025",,,,
"Note: Only one neighborhood at a time can be selected for median price variables.",,,,
"Source: Mayor's Office of Housing, The Warren Group, City of Boston Planning Department Research Division analysis",,,,
"Download type: geographically disaggregated",,,,
,,,,
"GEOID","YEAR","Single-family","Condominium","Median condo unit price (nominal dollars)"
"Allston","1990","12","86","115000"
"Allston","1991","10","87","74000"
"Allston","1992","7","61","45000"
"Allston","1993","8","82","38250"
"Allston","1994","22","74","70000"
"Allston","1995","23","96","67575"
"Allston","1996","14","92","65500"
"Allston","1997","12","100","105000"
"Allston","1998","21","168","110250"
"Allston","1999","26","173","117000"
"Allston","2000","15","121","145000"
"Allston","2001","12","142","174950"
"Allston","2002","17","134","197450"
"Allston","2003","18","161","225000"
"Allston","2004","18","208","250000"
"Allston","2005","23","257","310000"
"Allston","2006","11","179","3e+05"
"Allston","2007","7","130","272500"
"Allston","2008","9","80","254500"
"Allston","2009","8","89","277000"
"Allston","2010","8","96","240724"
"Allston","2011","15","82","252500"
"Allston","2012","14","96","226500"
"Allston","2013","11","114","275000"
"Allston","2014","15","95","306000"
"Allston","2015","2","110","375000"
"Allston","2016","10","85","415000"
"Allston","2017","9","94","417500"
"Allston","2018","12","92","554900"
"Allston","2019","20","69","448000"
"Allston","2020","7","65","530000"
"Allston","2021","6","103","505000"
"Allston","2022","15","81","499000"
"Allston","2023","10","102","576500"
"Allston","2024","5","75","585000"
"Allston","2025","10","63","549900"
"Back Bay","1990","3","336","215000"
"Back Bay","1991","1","332","210800"
"Back Bay","1992","4","310","2e+05"
"Back Bay","1993","3","359","2e+05"
"Back Bay","1994","4","443","232000"
"Back Bay","1995","2","401","220000"
"Back Bay","1996","8","498","235500"
"Back Bay","1997","4","418","248000"
"Back Bay","1998","4","542","286502"
"Back Bay","1999","7","606","328500"
"Back Bay","2000","5","618","485000"
"Back Bay","2001","5","378","475000"
"Back Bay","2002","2","525","440000"
"Back Bay","2003","6","516","475000"
"Back Bay","2004","8","756","615000"
"Back Bay","2005","5","649","655000"
"Back Bay","2006","5","485","599000"
"Back Bay","2007","3","494","644750"
"Back Bay","2008","4","407","750000"
"Back Bay","2009","2","308","659531"
"Back Bay","2010","5","406","774500"
"Back Bay","2011","7","368","772500"
"Back Bay","2012","6","460","750000"
"Back Bay","2013","9","384","808750"
"Back Bay","2014","9","360","897000"
"Back Bay","2015","8","367","1075000"
"Back Bay","2016","8","408","984500"
"Back Bay","2017","8","344","1140000"
"Back Bay","2018","7","353","1260000"
"Back Bay","2019","6","445","1599000"
"Back Bay","2020","6","346","1687500"
"Back Bay","2021","8","411","1450000"
"Back Bay","2022","2","329","1260000"
"Back Bay","2023","2","341","1300000"
"Back Bay","2024","2","269","1249000"
"Back Bay","2025",,"254","1200000"
"Beacon Hill","1990","21","110","157500"
"Beacon Hill","1991","9","151","151000"
"Beacon Hill","1992","15","147","160000"
"Beacon Hill","1993","22","162","175000"
"Beacon Hill","1994","16","179","184000"
"Beacon Hill","1995","26","179","189650"
"Beacon Hill","1996","19","207","185000"
"Beacon Hill","1997","17","191","2e+05"
"Beacon Hill","1998","37","280","232000"
"Beacon Hill","1999","23","294","231500"
"Beacon Hill","2000","20","236","323375"
"Beacon Hill","2001","21","194","328750"
"Beacon Hill","2002","15","215","349900"
"Beacon Hill","2003","27","151","365000"
"Beacon Hill","2004","24","254","440500"
"Beacon Hill","2005","22","219","450112"
"Beacon Hill","2006","22","174","450000"
"Beacon Hill","2007","17","174","492500"
"Beacon Hill","2008","15","192","493900"
"Beacon Hill","2009","17","155","527500"
"Beacon Hill","2010","25","148","499750"
"Beacon Hill","2011","24","164","479750"
"Beacon Hill","2012","23","192","512250"
"Beacon Hill","2013","30","156","560000"
"Beacon Hill","2014","24","154","627500"
"Beacon Hill","2015","23","171","635000"
"Beacon Hill","2016","18","149","710000"
"Beacon Hill","2017","17","157","830000"
"Beacon Hill","2018","20","157","750000"
"Beacon Hill","2019","24","179","910000"
"Beacon Hill","2020","19","150","989000"
"Beacon Hill","2021","25","209","875000"
"Beacon Hill","2022","30","182","1150000"
"Beacon Hill","2023","11","120","844500"
"Beacon Hill","2024","15","98","920000"
"Beacon Hill","2025","14","111","1047510"
"Brighton","1990","51","250","105450"
"Brighton","1991","34","188","79500"
"Brighton","1992","45","233","64300"
"Brighton","1993","54","211","60000"
"Brighton","1994","60","281","65000"
"Brighton","1995","51","284","76500"
"Brighton","1996","60","303","86500"
"Brighton","1997","47","330","89900"
"Brighton","1998","47","494","102900"
"Brighton","1999","73","594","117950"
"Brighton","2000","39","525","140000"
"Brighton","2001","38","431","185000"
"Brighton","2002","50","444","211250"
"Brighton","2003","59","483","237000"
"Brighton","2004","72","681","255000"
"Brighton","2005","61","628","278000"
"Brighton","2006","45","477","274000"
"Brighton","2007","43","512","265000"
"Brighton","2008","31","334","277250"
"Brighton","2009","28","293","259000"
"Brighton","2010","31","304","255000"
"Brighton","2011","36","299","260000"
"Brighton","2012","47","336","262500"
"Brighton","2013","60","438","3e+05"
"Brighton","2014","47","348","325000"
"Brighton","2015","48","354","360000"
"Brighton","2016","47","340","4e+05"
"Brighton","2017","41","306","423500"
"Brighton","2018","43","408","479104"
"Brighton","2019","43","266","472750"
"Brighton","2020","41","260","490000"
"Brighton","2021","47","441","5e+05"
"Brighton","2022","33","313","485000"
"Brighton","2023","35","424","568950"
"Brighton","2024","25","248","520000"
"Brighton","2025","31","270","556000"
"Charlestown","1990","41","136","227125"
"Charlestown","1991","28","117","148500"
"Charlestown","1992","25","161","160000"
"Charlestown","1993","47","240","179900"
"Charlestown","1994","53","174","163000"
"Charlestown","1995","47","211","157000"
"Charlestown","1996","64","249","190000"
"Charlestown","1997","51","219","174500"
"Charlestown","1998","70","447","199900"
"Charlestown","1999","67","372","235500"
"Charlestown","2000","57","265","310000"
"Charlestown","2001","56","318","372500"
"Charlestown","2002","69","376","383000"
"Charlestown","2003","62","270","386500"
"Charlestown","2004","66","564","404000"
"Charlestown","2005","65","504","444500"
"Charlestown","2006","37","344","429000"
"Charlestown","2007","64","366","435000"
"Charlestown","2008","55","274","415000"
"Charlestown","2009","54","248","403600"
"Charlestown","2010","56","256","426500"
"Charlestown","2011","54","252","425000"
"Charlestown","2012","81","347","444800"
"Charlestown","2013","79","431","495000"
"Charlestown","2014","69","298","527500"
"Charlestown","2015","74","387","578000"
"Charlestown","2016","70","381","624164"
"Charlestown","2017","69","322","664500"
"Charlestown","2018","65","327","707000"
"Charlestown","2019","76","347","710000"
"Charlestown","2020","62","358","738000"
"Charlestown","2021","91","418","742500"
"Charlestown","2022","61","321","830000"
"Charlestown","2023","49","214","826250"
"Charlestown","2024","38","256","894500"
"Charlestown","2025","45","205","935000"
"Chinatown","1990","2","10","103370"
"Chinatown","1992","0","2","82550"
"Chinatown","1993","0","1","212500"
"Chinatown","1996","0","5","168000"
"Chinatown","1997","0","12","295750"
"Chinatown","1998","0","18","226688"
"Chinatown","1999","0","1","137500"
"Chinatown","2000","0","3","459000"
"Chinatown","2001","0","1","375000"
"Chinatown","2002","1","2","422500"
"Chinatown","2003","0","1","360000"
"Chinatown","2004","0","3","382500"
"Chinatown","2005","0","5","525000"
"Chinatown","2006","0","8","353750"
"Chinatown","2007","0","13","417500"
"Chinatown","2008","0","8","535000"
"Chinatown","2009","0","23","385000"
"Chinatown","2010","0","15","380000"
"Chinatown","2011","0","11","385000"
"Chinatown","2012","0","16","552500"
"Chinatown","2013","0","12","436250"
"Chinatown","2014","0","6","651000"
"Chinatown","2015","0","15","550000"
"Chinatown","2016","1","4","665000"
"Chinatown","2017","0","14","617800"
"Chinatown","2018","0","63","204600"
"Chinatown","2019","0","23","2e+06"
"Chinatown","2020","0","6","715000"
"Chinatown","2021","1","15","660000"
"Chinatown","2022","0","59","699000"
"Chinatown","2023","0","10","572500"
"Chinatown","2024",,"8","594000"
"Chinatown","2025",,"7","570000"
"Dorchester","1990","159","174","128750"
"Dorchester","1991","130","96","1e+05"
"Dorchester","1992","129","57","68000"
"Dorchester","1993","214","118","68000"
"Dorchester","1994","249","102","47750"
"Dorchester","1995","236","95","49000"
"Dorchester","1996","232","117","58000"
"Dorchester","1997","187","75","57600"
"Dorchester","1998","254","146","65000"
"Dorchester","1999","257","194","82000"
"Dorchester","2000","196","208","117750"
"Dorchester","2001","176","211","161400"
"Dorchester","2002","210","232","185000"
"Dorchester","2003","229","278","232500"
"Dorchester","2004","251","480","246500"
"Dorchester","2005","213","591","280000"
"Dorchester","2006","191","785","291000"
"Dorchester","2007","175","716","275000"
"Dorchester","2008","174","551","225000"
"Dorchester","2009","154","525","120000"
"Dorchester","2010","141","472","160000"
"Dorchester","2011","126","308","202750"
"Dorchester","2012","160","355","217000"
"Dorchester","2013","160","396","284000"
"Dorchester","2014","192","427","290000"
"Dorchester","2015","209","439","340000"
"Dorchester","2016","224","461","379000"
"Dorchester","2017","172","548","432500"
"Dorchester","2018","184","486","475000"
"Dorchester","2019","183","589","480000"
"Dorchester","2020","147","576","513750"
"Dorchester","2021","226","678","563500"
"Dorchester","2022","172","506","560000"
"Dorchester","2023","104","351","580000"
"Dorchester","2024","106","414","586250"
"Dorchester","2025","96","379","575000"
"Downtown","1990","0","69","227500"
"Downtown","1991","0","84","161500"
"Downtown","1992","1","95","160000"
"Downtown","1993","0","108","176500"
"Downtown","1994","0","103","195000"
"Downtown","1995","0","115","173500"
"Downtown","1996","0","168","190416"
"Downtown","1997","1","160","196400"
"Downtown","1998","0","225","275000"
"Downtown","1999","0","210","311075"
"Downtown","2000","1","203","387000"
"Downtown","2001","0","186","563750"
"Downtown","2002","0","253","525000"
"Downtown","2003","1","163","595000"
"Downtown","2004","2","492","544625"
"Downtown","2005","0","469","645000"
"Downtown","2006","1","489","640000"
"Downtown","2007","0","283","760000"
"Downtown","2008","0","249","592500"
"Downtown","2009","0","189","555000"
"Downtown","2010","1","211","640000"
"Downtown","2011","0","215","757000"
"Downtown","2012","1","299","780000"
"Downtown","2013","1","424","952500"
"Downtown","2014","0","364","1065750"
"Downtown","2015","2","275","918000"
"Downtown","2016","1","690","1502500"
"Downtown","2017","0","295","1240000"
"Downtown","2018","0","321","985000"
"Downtown","2019","0","246","1207500"
"Downtown","2020","0","172","1086250"
"Downtown","2021","0","258","1222500"
"Downtown","2022","1","259","1395000"
"Downtown","2023","0","226","1297500"
"Downtown","2024",,"218","1255000"
"Downtown","2025","1","201","1250000"
"East Boston","1990","30","51","95000"
"East Boston","1991","12","42","47000"
"East Boston","1992","22","40","39000"
"East Boston","1993","24","33","35000"
"East Boston","1994","38","21","40000"
"East Boston","1995","21","20","50000"
"East Boston","1996","36","29","51000"
"East Boston","1997","28","31","40000"
"East Boston","1998","47","38","65000"
"East Boston","1999","56","60","79900"
"East Boston","2000","48","51","94000"
"East Boston","2001","45","69","119000"
"East Boston","2002","52","81","156000"
"East Boston","2003","48","56","168875"
"East Boston","2004","66","85","219000"
"East Boston","2005","62","318","260287"
"East Boston","2006","37","215","250000"
"East Boston","2007","38","188","271200"
"East Boston","2008","43","119","230000"
"East Boston","2009","47","122","219500"
"East Boston","2010","30","80","212250"
"East Boston","2011","35","62","227500"
"East Boston","2012","30","113","203000"
"East Boston","2013","51","98","3e+05"
"East Boston","2014","40","156","310000"
"East Boston","2015","47","166","340250"
"East Boston","2016","46","212","407500"
"East Boston","2017","71","275","455000"
"East Boston","2018","66","274","499900"
"East Boston","2019","45","433","570000"
"East Boston","2020","54","321","570000"
"East Boston","2021","61","650","630000"
"East Boston","2022","46","507","615000"
"East Boston","2023","31","292","631250"
"East Boston","2024","23","340","665000"
"East Boston","2025","29","294","645000"
"Fenway","1990","0","88","125000"
"Fenway","1991","2","67","107500"
"Fenway","1992","0","107","1e+05"
"Fenway","1993","2","149","94750"
"Fenway","1994","0","173","84200"
"Fenway","1995","3","205","105000"
"Fenway","1996","1","272","1e+05"
"Fenway","1997","0","247","118000"
"Fenway","1998","2","389","144000"
"Fenway","1999","3","397","142600"
"Fenway","2000","0","302","196000"
"Fenway","2001","0","217","247500"
"Fenway","2002","1","288","267250"
"Fenway","2003","0","301","272500"
"Fenway","2004","5","389","313000"
"Fenway","2005","2","319","325000"
"Fenway","2006","1","281","342000"
"Fenway","2007","0","312","315000"
"Fenway","2008","2","239","365000"
"Fenway","2009","1","179","365000"
"Fenway","2010","0","171","372000"
"Fenway","2011","3","188","330000"
"Fenway","2012","1","231","380000"
"Fenway","2013","0","257","415000"
"Fenway","2014","0","220","510875"
"Fenway","2015","2","155","522900"
"Fenway","2016","0","171","550000"
"Fenway","2017","1","204","638500"
"Fenway","2018","0","253","927885"
"Fenway","2019","0","241","466250"
"Fenway","2020","3","112","749500"
"Fenway","2021","0","243","690000"
"Fenway","2022","1","149","675000"
"Fenway","2023","1","86","723000"
"Fenway","2024",,"88","595000"
"Fenway","2025",,"101","630000"
"Hyde Park","1990","179","20","110400"
"Hyde Park","1991","118","10","86950"
"Hyde Park","1992","152","8","51500"
"Hyde Park","1993","183","16","55000"
"Hyde Park","1994","252","23","40000"
"Hyde Park","1995","310","21","37000"
"Hyde Park","1996","280","47","67000"
"Hyde Park","1997","191","28","64000"
"Hyde Park","1998","234","39","97900"
"Hyde Park","1999","254","55","1e+05"
"Hyde Park","2000","199","38","107400"
"Hyde Park","2001","167","42","110000"
"Hyde Park","2002","225","43","120000"
"Hyde Park","2003","169","60","234750"
"Hyde Park","2004","297","56","267500"
"Hyde Park","2005","290","106","288450"
"Hyde Park","2006","226","81","296000"
"Hyde Park","2007","170","93","240000"
"Hyde Park","2008","134","52","227500"
"Hyde Park","2009","142","49","147000"
"Hyde Park","2010","135","58","175000"
"Hyde Park","2011","113","60","175000"
"Hyde Park","2012","175","52","137500"
"Hyde Park","2013","156","48","173000"
"Hyde Park","2014","150","46","198750"
"Hyde Park","2015","163","45","212500"
"Hyde Park","2016","195","71","247000"
"Hyde Park","2017","175","64","249450"
"Hyde Park","2018","199","106","315000"
"Hyde Park","2019","156","81","365000"
"Hyde Park","2020","147","80","408000"
"Hyde Park","2021","194","101","430000"
"Hyde Park","2022","174","58","450000"
"Hyde Park","2023","131","39","4e+05"
"Hyde Park","2024","114","53","451000"
"Hyde Park","2025","89","70","454000"
"Jamaica Plain","1990","83","125","125000"
"Jamaica Plain","1991","58","96","111450"
"Jamaica Plain","1992","67","98","97000"
"Jamaica Plain","1993","92","128","92500"
"Jamaica Plain","1994","103","118","92750"
"Jamaica Plain","1995","69","136","99000"
"Jamaica Plain","1996","103","184","116500"
"Jamaica Plain","1997","67","156","104750"
"Jamaica Plain","1998","90","324","129950"
"Jamaica Plain","1999","100","370","150000"
"Jamaica Plain","2000","91","375","195000"
"Jamaica Plain","2001","91","307","223000"
"Jamaica Plain","2002","97","337","252500"
"Jamaica Plain","2003","72","345","290000"
"Jamaica Plain","2004","106","497","312000"
"Jamaica Plain","2005","93","616","318500"
"Jamaica Plain","2006","76","496","319500"
"Jamaica Plain","2007","89","478","329750"
"Jamaica Plain","2008","64","362","334000"
"Jamaica Plain","2009","66","366","315000"
"Jamaica Plain","2010","67","343","325000"
"Jamaica Plain","2011","48","301","318000"
"Jamaica Plain","2012","78","373","345000"
"Jamaica Plain","2013","91","401","362000"
"Jamaica Plain","2014","79","391","401000"
"Jamaica Plain","2015","80","451","436000"
"Jamaica Plain","2016","102","436","5e+05"
"Jamaica Plain","2017","74","417","525000"
"Jamaica Plain","2018","90","421","605000"
"Jamaica Plain","2019","75","373","603000"
"Jamaica Plain","2020","76","567","650000"
"Jamaica Plain","2021","92","552","665000"
"Jamaica Plain","2022","69","417","675000"
"Jamaica Plain","2023","62","329","675000"
"Jamaica Plain","2024","63","296","742500"
"Jamaica Plain","2025","58","314","675500"
"Longwood","1990","0","11","70000"
"Longwood","1991","0","4","62500"
"Longwood","1992","0","4","88750"
"Longwood","1993","0","20","87000"
"Longwood","1994","0","11","50000"
"Longwood","1995","0","3","45000"
"Longwood","1996","0","5","45000"
"Longwood","1997","0","6","126000"
"Longwood","1998","0","13","68000"
"Longwood","1999","0","16","119450"
"Longwood","2000","0","19","129000"
"Longwood","2001","0","10","154350"
"Longwood","2002","0","14","206600"
"Longwood","2003","0","12","188750"
"Longwood","2004","0","21","256500"
"Longwood","2005","0","20","265000"
"Longwood","2006","0","16","276200"
"Longwood","2007","0","17","250000"
"Longwood","2008","0","7","250000"
"Longwood","2009","0","8","230050"
"Longwood","2010","0","10","298500"
"Longwood","2011","0","7","305000"
"Longwood","2012","0","11","260000"
"Longwood","2013","0","10","305250"
"Longwood","2014","0","5","370000"
"Longwood","2015","0","1","290000"
"Longwood","2016","0","4","347550"
"Longwood","2017","0","6","540750"
"Longwood","2018","0","8","469750"
"Longwood","2019","0","4","647500"
"Longwood","2021","0","6","658500"
"Longwood","2022","0","3","425000"
"Longwood","2023","0","4","597500"
"Longwood","2024",,"7","615000"
"Longwood","2025",,"7","650000"
"Mattapan","1990","85","6","94500"
"Mattapan","1991","43","7","115000"
"Mattapan","1992","46","7","115000"
"Mattapan","1993","59","9","110000"
"Mattapan","1994","80","6","97500"
"Mattapan","1995","77","5","87500"
"Mattapan","1996","75","16","70950"
"Mattapan","1997","79","14","107000"
"Mattapan","1998","55","27","124000"
"Mattapan","1999","63","34","152000"
"Mattapan","2000","69","20","145000"
"Mattapan","2001","63","18","147000"
"Mattapan","2002","62","19","197500"
"Mattapan","2003","64","19","240000"
"Mattapan","2004","88","49","251235"
"Mattapan","2005","97","79","222000"
"Mattapan","2006","72","71","265000"
"Mattapan","2007","40","65","261000"
"Mattapan","2008","37","38","157125"
"Mattapan","2009","44","44","70000"
"Mattapan","2010","46","36","77750"
"Mattapan","2011","36","36","151500"
"Mattapan","2012","42","26","232250"
"Mattapan","2013","47","34","264000"
"Mattapan","2014","32","49","415000"
"Mattapan","2015","51","45","480000"
"Mattapan","2016","55","59","340000"
"Mattapan","2017","58","44","337250"
"Mattapan","2018","61","55","450000"
"Mattapan","2019","62","49","430000"
"Mattapan","2020","27","38","491000"
"Mattapan","2021","51","71","601000"
"Mattapan","2022","48","40","645000"
"Mattapan","2023","36","35","525000"
"Mattapan","2024","46","42","534950"
"Mattapan","2025","30","51","420000"
"Mission Hill","1990","1","25","135100"
"Mission Hill","1991","1","7","79000"
"Mission Hill","1992","5","16","40500"
"Mission Hill","1993","3","17","47500"
"Mission Hill","1994","4","19","56000"
"Mission Hill","1995","3","18","68000"
"Mission Hill","1996","5","15","79500"
"Mission Hill","1997","2","14","76000"
"Mission Hill","1998","2","27","96000"
"Mission Hill","1999","2","42","117250"
"Mission Hill","2000","5","54","157000"
"Mission Hill","2001","3","68","229500"
"Mission Hill","2002","10","61","3e+05"
"Mission Hill","2003","7","67","320000"
"Mission Hill","2004","11","71","320000"
"Mission Hill","2005","6","42","287500"
"Mission Hill","2006","6","49","295000"
"Mission Hill","2007","6","49","315000"
"Mission Hill","2008","4","58","325500"
"Mission Hill","2009","4","43","275000"
"Mission Hill","2010","2","56","319000"
"Mission Hill","2011","0","32","290000"
"Mission Hill","2012","2","39","320000"
"Mission Hill","2013","2","40","317000"
"Mission Hill","2014","6","51","370000"
"Mission Hill","2015","2","34","443000"
"Mission Hill","2016","3","66","542400"
"Mission Hill","2017","3","75","245700"
"Mission Hill","2018","1","26","567500"
"Mission Hill","2019","2","36","571500"
"Mission Hill","2020","3","31","599000"
"Mission Hill","2021","3","46","593625"
"Mission Hill","2022","3","32","652500"
"Mission Hill","2023","2","36","391273"
"Mission Hill","2024","1","27","675000"
"Mission Hill","2025","3","34","687500"
"North End","1990","0","189","147000"
"North End","1991","0","82","135000"
"North End","1992","0","78","130000"
"North End","1993","1","112","132850"
"North End","1994","0","133","145000"
"North End","1995","0","128","164375"
"North End","1996","1","140","150500"
"North End","1997","1","196","185500"
"North End","1998","4","192","170500"
"North End","1999","1","195","220000"
"North End","2000","2","184","271000"
"North End","2001","0","121","365000"
"North End","2002","0","144","333750"
"North End","2003","1","131","385000"
"North End","2004","1","216","389500"
"North End","2005","1","216","450500"
"North End","2006","1","220","5e+05"
"North End","2007","0","189","472000"
"North End","2008","1","212","596250"
"North End","2009","1","124","475000"
"North End","2010","0","137","443000"
"North End","2011","2","126","478958"
"North End","2012","1","183","515000"
"North End","2013","0","187","495000"
"North End","2014","1","167","609000"
"North End","2015","1","161","605000"
"North End","2016","2","183","655000"
"North End","2017","5","144","729500"
"North End","2018","0","156","689000"
"North End","2019","1","119","729900"
"North End","2020","1","149","755000"
"North End","2021","3","200","743750"
"North End","2022","1","132","740000"
"North End","2023","1","102","857500"
"North End","2024",,"111","853000"
"North End","2025","1","103","725000"
"Roslindale","1990","119","75","142900"
"Roslindale","1991","80","17","84000"
"Roslindale","1992","102","27","77500"
"Roslindale","1993","129","37","65000"
"Roslindale","1994","191","52","63000"
"Roslindale","1995","175","46","74950"
"Roslindale","1996","161","42","88000"
"Roslindale","1997","160","40","90450"
"Roslindale","1998","170","58","109950"
"Roslindale","1999","168","73","121000"
"Roslindale","2000","146","75","146000"
"Roslindale","2001","132","104","178500"
"Roslindale","2002","117","121","231500"
"Roslindale","2003","158","87","262500"
"Roslindale","2004","182","203","299000"
"Roslindale","2005","168","212","299950"
"Roslindale","2006","130","199","287500"
"Roslindale","2007","119","144","293250"
"Roslindale","2008","91","104","277500"
"Roslindale","2009","91","143","265000"
"Roslindale","2010","105","108","268750"
"Roslindale","2011","86","95","260000"
"Roslindale","2012","123","103","243500"
"Roslindale","2013","154","141","292500"
"Roslindale","2014","130","162","320000"
"Roslindale","2015","140","185","357000"
"Roslindale","2016","115","216","388750"
"Roslindale","2017","109","169","435000"
"Roslindale","2018","122","187","462500"
"Roslindale","2019","111","197","479900"
"Roslindale","2020","111","248","486000"
"Roslindale","2021","157","267","554000"
"Roslindale","2022","109","213","615000"
"Roslindale","2023","78","158","580000"
"Roslindale","2024","95","103","595000"
"Roslindale","2025","77","107","619000"
"Roxbury","1990","22","57","90000"
"Roxbury","1991","11","51","71250"
"Roxbury","1992","12","31","65000"
"Roxbury","1993","13","50","68500"
"Roxbury","1994","25","35","65500"
"Roxbury","1995","21","34","52250"
"Roxbury","1996","30","37","1e+05"
"Roxbury","1997","36","32","118500"
"Roxbury","1998","40","52","124750"
"Roxbury","1999","54","120","133500"
"Roxbury","2000","50","70","166500"
"Roxbury","2001","22","114","152000"
"Roxbury","2002","44","152","262500"
"Roxbury","2003","42","124","276250"
"Roxbury","2004","48","199","283000"
"Roxbury","2005","46","228","280000"
"Roxbury","2006","46","250","284750"
"Roxbury","2007","31","211","286000"
"Roxbury","2008","25","160","259500"
"Roxbury","2009","23","111","156608"
"Roxbury","2010","36","120","142722"
"Roxbury","2011","25","107","260000"
"Roxbury","2012","34","86","218750"
"Roxbury","2013","55","109","294000"
"Roxbury","2014","33","86","360000"
"Roxbury","2015","40","91","427500"
"Roxbury","2016","40","123","370000"
"Roxbury","2017","29","107","460000"
"Roxbury","2018","38","164","485000"
"Roxbury","2019","44","144","445500"
"Roxbury","2020","33","134","520000"
"Roxbury","2021","49","179","525000"
"Roxbury","2022","26","197","6e+05"
"Roxbury","2023","15","117","480000"
"Roxbury","2024","22","130","528720"
"Roxbury","2025","14","192","480000"
"South Boston","1990","36","103","120000"
"South Boston","1991","30","100","87750"
"South Boston","1992","39","115","65000"
"South Boston","1993","29","117","79000"
"South Boston","1994","62","107","95000"
"South Boston","1995","70","113","85000"
"South Boston","1996","65","137","95000"
"South Boston","1997","75","131","118000"
"South Boston","1998","75","238","138750"
"South Boston","1999","52","331","162900"
"South Boston","2000","69","364","221000"
"South Boston","2001","68","311","232000"
"South Boston","2002","74","447","270000"
"South Boston","2003","69","401","299000"
"South Boston","2004","107","792","330000"
"South Boston","2005","72","654","340000"
"South Boston","2006","74","677","342000"
"South Boston","2007","71","717","362500"
"South Boston","2008","47","521","365000"
"South Boston","2009","49","529","341500"
"South Boston","2010","54","573","362000"
"South Boston","2011","61","526","370000"
"South Boston","2012","85","711","396000"
"South Boston","2013","95","738","440750"
"South Boston","2014","98","711","488000"
"South Boston","2015","86","718","548151"
"South Boston","2016","116","712","631750"
"South Boston","2017","93","743","650000"
"South Boston","2018","88","788","725000"
"South Boston","2019","86","721","745000"
"South Boston","2020","76","682","741000"
"South Boston","2021","97","974","762500"
"South Boston","2022","72","609","790000"
"South Boston","2023","43","395","8e+05"
"South Boston","2024","61","451","835000"
"South Boston","2025","58","462","869000"
"South Boston Waterfront","1990","0","1","146000"
"South Boston Waterfront","1991","0","2","126000"
"South Boston Waterfront","1992","0","3","116000"
"South Boston Waterfront","1993","0","6","158500"
"South Boston Waterfront","1994","0","5","148500"
"South Boston Waterfront","1995","0","10","116282"
"South Boston Waterfront","1996","0","50","172500"
"South Boston Waterfront","1997","0","17","225000"
"South Boston Waterfront","1998","1","16","299656"
"South Boston Waterfront","1999","0","16","320500"
"South Boston Waterfront","2000","0","90","321500"
"South Boston Waterfront","2001","0","41","330000"
"South Boston Waterfront","2002","0","18","411130"
"South Boston Waterfront","2003","0","29","4e+05"
"South Boston Waterfront","2004","0","101","545000"
"South Boston Waterfront","2005","0","67","645000"
"South Boston Waterfront","2006","0","36","632000"
"South Boston Waterfront","2007","0","46","597500"
"South Boston Waterfront","2008","0","33","507000"
"South Boston Waterfront","2009","0","43","420000"
"South Boston Waterfront","2010","0","52","535000"
"South Boston Waterfront","2011","0","48","565000"
"South Boston Waterfront","2012","0","53","680000"
"South Boston Waterfront","2013","0","32","608000"
"South Boston Waterfront","2014","0","53","790000"
"South Boston Waterfront","2015","0","134","1577963"
"South Boston Waterfront","2016","0","88","845000"
"South Boston Waterfront","2017","0","48","993750"
"South Boston Waterfront","2018","0","212","1901998"
"South Boston Waterfront","2019","0","111","1272500"
"South Boston Waterfront","2020","0","244","1494150"
"South Boston Waterfront","2021","0","238","1585000"
"South Boston Waterfront","2022","0","286","1422000"
"South Boston Waterfront","2023","0","82","1592500"
"South Boston Waterfront","2024",,"79","1580000"
"South Boston Waterfront","2025",,"70","1345000"
"South End","1990","15","240","139000"
"South End","1991","16","225","123500"
"South End","1992","11","217","125000"
"South End","1993","13","300","129400"
"South End","1994","30","373","154000"
"South End","1995","21","407","153000"
"South End","1996","34","514","166750"
"South End","1997","20","478","187000"
"South End","1998","15","586","225000"
"South End","1999","19","752","266500"
"South End","2000","17","687","325000"
"South End","2001","16","460","373750"
"South End","2002","15","678","4e+05"
"South End","2003","18","762","415000"
"South End","2004","26","850","483813"
"South End","2005","28","717","530000"
"South End","2006","18","771","486000"
"South End","2007","18","755","550000"
"South End","2008","17","752","570000"
"South End","2009","19","586","545500"
"South End","2010","16","561","582000"
"South End","2011","30","532","590500"
"South End","2012","27","620","619000"
"South End","2013","36","669","673000"
"South End","2014","21","589","739000"
"South End","2015","34","672","806000"
"South End","2016","27","615","880000"
"South End","2017","33","579","930000"
"South End","2018","35","629","1050000"
"South End","2019","31","619","1235000"
"South End","2020","25","515","1080000"
"South End","2021","39","781","995000"
"South End","2022","21","671","1080000"
"South End","2023","17","411","1130000"
"South End","2024","30","405","1160000"
"South End","2025","23","333","1138000"
"West End","1990","0","28","125000"
"West End","1991","1","31","125000"
"West End","1992","0","24","123750"
"West End","1993","0","34","117500"
"West End","1994","0","51","117250"
"West End","1995","0","47","125000"
"West End","1996","0","219","126700"
"West End","1997","0","184","153448"
"West End","1998","0","72","166000"
"West End","1999","0","77","190000"
"West End","2000","0","65","285000"
"West End","2001","0","41","315000"
"West End","2002","0","64","323750"
"West End","2003","0","53","325000"
"West End","2004","0","87","377000"
"West End","2005","0","68","401000"
"West End","2006","0","69","4e+05"
"West End","2007","0","60","370000"
"West End","2008","0","82","350000"
"West End","2009","0","60","353750"
"West End","2010","0","34","387750"
"West End","2011","0","52","366250"
"West End","2012","0","57","415000"
"West End","2013","0","55","439000"
"West End","2014","0","43","449000"
"West End","2015","0","56","527000"
"West End","2016","0","48","540000"
"West End","2017","0","79","725000"
"West End","2018","0","103","720123"
"West End","2019","0","83","770000"
"West End","2020","0","56","628000"
"West End","2021","0","74","696000"
"West End","2022","0","62","689500"
"West End","2023","0","56","635000"
"West End","2024",,"65","670000"
"West End","2025",,"68","730000"
"West Roxbury","1990","229","73","137500"
"West Roxbury","1991","183","68","132000"
"West Roxbury","1992","201","69","90000"
"West Roxbury","1993","262","67","110000"
"West Roxbury","1994","327","112","84000"
"West Roxbury","1995","265","119","75000"
"West Roxbury","1996","276","89","89500"
"West Roxbury","1997","265","108","99950"
"West Roxbury","1998","305","139","112000"
"West Roxbury","1999","330","149","125000"
"West Roxbury","2000","283","157","135000"
"West Roxbury","2001","259","124","185500"
"West Roxbury","2002","292","142","197750"
"West Roxbury","2003","241","121","220000"
"West Roxbury","2004","341","187","245000"
"West Roxbury","2005","288","178","282250"
"West Roxbury","2006","291","116","252200"
"West Roxbury","2007","286","119","245000"
"West Roxbury","2008","216","93","255000"
"West Roxbury","2009","211","116","285000"
"West Roxbury","2010","221","83","259000"
"West Roxbury","2011","194","76","263750"
"West Roxbury","2012","257","121","269987"
"West Roxbury","2013","292","104","242500"
"West Roxbury","2014","236","104","280000"
"West Roxbury","2015","286","121","322000"
"West Roxbury","2016","301","124","344000"
"West Roxbury","2017","299","136","362275"
"West Roxbury","2018","283","109","389000"
"West Roxbury","2019","239","120","378250"
"West Roxbury","2020","235","124","448750"
"West Roxbury","2021","287","157","449000"
"West Roxbury","2022","264","162","460000"
"West Roxbury","2023","206","130","507450"
"West Roxbury","2024","223","100","480000"
"West Roxbury","2025","205","91","575000"
